{
  "name": "d3",
  "version": "3.1.5",
  "main": "index-browserify.js",
  "scripts": [
    "index-browserify.js",
    "d3.js"
  ],
  "gitHead": "43d09afd1ac78f0776eb6bbdc78e3fd1278d567f",
  "readme": "# Data-Driven Documents\n\n**D3.js** is a JavaScript library for manipulating documents based on data. **D3** helps you bring data to life using HTML, SVG and CSS. D3’s emphasis on web standards gives you the full capabilities of modern browsers without tying yourself to a proprietary framework, combining powerful visualization components and a data-driven approach to DOM manipulation.\n\nWant to learn more? [See the wiki.](https://github.com/mbostock/d3/wiki)\n\nFor examples, [see the gallery](https://github.com/mbostock/d3/wiki/Gallery) and [mbostock’s bl.ocks](http://bl.ocks.org/mbostock).\n",
  "readmeFilename": "README.md",
  "_id": "d3@3.1.5",
  "description": "**D3.js** is a JavaScript library for manipulating documents based on data. **D3** helps you bring data to life using HTML, SVG and CSS. D3’s emphasis on web standards gives you the full capabilities of modern browsers without tying yourself to a proprietary framework, combining powerful visualization components and a data-driven approach to DOM manipulation.",
  "repository": {
    "type": "git",
    "url": "git://github.com/mbostock/d3.git"
  }
}